Username,Instagram_Link
zzzz,https://instagram.com/zzzz
zzzq,https://instagram.com/zzzq
zzzx,https://instagram.com/zzzx
zzzj,https://instagram.com/zzzj
zzzk,https://instagram.com/zzzk
zzqz,https://instagram.com/zzqz
zzqq,https://instagram.com/zzqq
zzqx,https://instagram.com/zzqx
zzqj,https://instagram.com/zzqj
zzqk,https://instagram.com/zzqk
zzxz,https://instagram.com/zzxz
zzxq,https://instagram.com/zzxq
zzxx,https://instagram.com/zzxx
zzxj,https://instagram.com/zzxj
zzxk,https://instagram.com/zzxk
zzjz,https://instagram.com/zzjz
zzjq,https://instagram.com/zzjq
zzjx,https://instagram.com/zzjx
zzjj,https://instagram.com/zzjj
zzjk,https://instagram.com/zzjk
zzkz,https://instagram.com/zzkz
zzkq,https://instagram.com/zzkq
zzkx,https://instagram.com/zzkx
zzkj,https://instagram.com/zzkj
zzkk,https://instagram.com/zzkk
zqzz,https://instagram.com/zqzz
zqzq,https://instagram.com/zqzq
zqzx,https://instagram.com/zqzx
zqzj,https://instagram.com/zqzj
zqzk,https://instagram.com/zqzk
zqqz,https://instagram.com/zqqz
zqqq,https://instagram.com/zqqq
zqqx,https://instagram.com/zqqx
zqqj,https://instagram.com/zqqj
zqqk,https://instagram.com/zqqk
zqxz,https://instagram.com/zqxz
zqxq,https://instagram.com/zqxq
zqxx,https://instagram.com/zqxx
zqxj,https://instagram.com/zqxj
zqxk,https://instagram.com/zqxk
zqjz,https://instagram.com/zqjz
zqjq,https://instagram.com/zqjq
zqjx,https://instagram.com/zqjx
zqjj,https://instagram.com/zqjj
zqjk,https://instagram.com/zqjk
zqkz,https://instagram.com/zqkz
zqkq,https://instagram.com/zqkq
zqkx,https://instagram.com/zqkx
zqkj,https://instagram.com/zqkj
zqkk,https://instagram.com/zqkk
zxzz,https://instagram.com/zxzz
zxzq,https://instagram.com/zxzq
zxzx,https://instagram.com/zxzx
zxzj,https://instagram.com/zxzj
zxzk,https://instagram.com/zxzk
zxqz,https://instagram.com/zxqz
zxqq,https://instagram.com/zxqq
zxqx,https://instagram.com/zxqx
zxqj,https://instagram.com/zxqj
zxqk,https://instagram.com/zxqk
zxxz,https://instagram.com/zxxz
zxxq,https://instagram.com/zxxq
zxxx,https://instagram.com/zxxx
zxxj,https://instagram.com/zxxj
zxxk,https://instagram.com/zxxk
zxjz,https://instagram.com/zxjz
zxjq,https://instagram.com/zxjq
zxjx,https://instagram.com/zxjx
zxjj,https://instagram.com/zxjj
zxjk,https://instagram.com/zxjk
zxkz,https://instagram.com/zxkz
zxkq,https://instagram.com/zxkq
zxkx,https://instagram.com/zxkx
zxkj,https://instagram.com/zxkj
zxkk,https://instagram.com/zxkk
zjzz,https://instagram.com/zjzz
zjzq,https://instagram.com/zjzq
zjzx,https://instagram.com/zjzx
zjzj,https://instagram.com/zjzj
zjzk,https://instagram.com/zjzk
zjqz,https://instagram.com/zjqz
zjqq,https://instagram.com/zjqq
zjqx,https://instagram.com/zjqx
zjqj,https://instagram.com/zjqj
zjqk,https://instagram.com/zjqk
zjxz,https://instagram.com/zjxz
zjxq,https://instagram.com/zjxq
zjxx,https://instagram.com/zjxx
zjxj,https://instagram.com/zjxj
zjxk,https://instagram.com/zjxk
zjjz,https://instagram.com/zjjz
zjjq,https://instagram.com/zjjq
zjjx,https://instagram.com/zjjx
zjjj,https://instagram.com/zjjj
zjjk,https://instagram.com/zjjk
zjkz,https://instagram.com/zjkz
zjkq,https://instagram.com/zjkq
zjkx,https://instagram.com/zjkx
zjkj,https://instagram.com/zjkj
zjkk,https://instagram.com/zjkk
zkzz,https://instagram.com/zkzz
zkzq,https://instagram.com/zkzq
zkzx,https://instagram.com/zkzx
zkzj,https://instagram.com/zkzj
zkzk,https://instagram.com/zkzk
zkqz,https://instagram.com/zkqz
zkqq,https://instagram.com/zkqq
zkqx,https://instagram.com/zkqx
zkqj,https://instagram.com/zkqj
zkqk,https://instagram.com/zkqk
zkxz,https://instagram.com/zkxz
zkxq,https://instagram.com/zkxq
zkxx,https://instagram.com/zkxx
zkxj,https://instagram.com/zkxj
zkxk,https://instagram.com/zkxk
zkjz,https://instagram.com/zkjz
zkjq,https://instagram.com/zkjq
zkjx,https://instagram.com/zkjx
zkjj,https://instagram.com/zkjj
zkjk,https://instagram.com/zkjk
zkkz,https://instagram.com/zkkz
zkkq,https://instagram.com/zkkq
zkkx,https://instagram.com/zkkx
zkkj,https://instagram.com/zkkj
zkkk,https://instagram.com/zkkk
qzzz,https://instagram.com/qzzz
qzzq,https://instagram.com/qzzq
qzzx,https://instagram.com/qzzx
qzzj,https://instagram.com/qzzj
qzzk,https://instagram.com/qzzk
qzqz,https://instagram.com/qzqz
qzqq,https://instagram.com/qzqq
qzqx,https://instagram.com/qzqx
qzqj,https://instagram.com/qzqj
qzqk,https://instagram.com/qzqk
qzxz,https://instagram.com/qzxz
qzxq,https://instagram.com/qzxq
qzxx,https://instagram.com/qzxx
qzxj,https://instagram.com/qzxj
qzxk,https://instagram.com/qzxk
qzjz,https://instagram.com/qzjz
qzjq,https://instagram.com/qzjq
qzjx,https://instagram.com/qzjx
qzjj,https://instagram.com/qzjj
qzjk,https://instagram.com/qzjk
qzkz,https://instagram.com/qzkz
qzkq,https://instagram.com/qzkq
qzkx,https://instagram.com/qzkx
qzkj,https://instagram.com/qzkj
qzkk,https://instagram.com/qzkk
qqzz,https://instagram.com/qqzz
qqzq,https://instagram.com/qqzq
qqzx,https://instagram.com/qqzx
qqzj,https://instagram.com/qqzj
qqzk,https://instagram.com/qqzk
qqqz,https://instagram.com/qqqz
qqqq,https://instagram.com/qqqq
qqqx,https://instagram.com/qqqx
qqqj,https://instagram.com/qqqj
qqqk,https://instagram.com/qqqk
qqxz,https://instagram.com/qqxz
qqxq,https://instagram.com/qqxq
qqxx,https://instagram.com/qqxx
qqxj,https://instagram.com/qqxj
qqxk,https://instagram.com/qqxk
qqjz,https://instagram.com/qqjz
qqjq,https://instagram.com/qqjq
qqjx,https://instagram.com/qqjx
qqjj,https://instagram.com/qqjj
qqjk,https://instagram.com/qqjk
qqkz,https://instagram.com/qqkz
qqkq,https://instagram.com/qqkq
qqkx,https://instagram.com/qqkx
qqkj,https://instagram.com/qqkj
qqkk,https://instagram.com/qqkk
qxzz,https://instagram.com/qxzz
qxzq,https://instagram.com/qxzq
qxzx,https://instagram.com/qxzx
qxzj,https://instagram.com/qxzj
qxzk,https://instagram.com/qxzk
qxqz,https://instagram.com/qxqz
qxqq,https://instagram.com/qxqq
qxqx,https://instagram.com/qxqx
qxqj,https://instagram.com/qxqj
qxqk,https://instagram.com/qxqk
qxxz,https://instagram.com/qxxz
qxxq,https://instagram.com/qxxq
qxxx,https://instagram.com/qxxx
qxxj,https://instagram.com/qxxj
qxxk,https://instagram.com/qxxk
qxjz,https://instagram.com/qxjz
qxjq,https://instagram.com/qxjq
qxjx,https://instagram.com/qxjx
qxjj,https://instagram.com/qxjj
qxjk,https://instagram.com/qxjk
qxkz,https://instagram.com/qxkz
qxkq,https://instagram.com/qxkq
qxkx,https://instagram.com/qxkx
qxkj,https://instagram.com/qxkj
qxkk,https://instagram.com/qxkk
qjzz,https://instagram.com/qjzz
qjzq,https://instagram.com/qjzq
qjzx,https://instagram.com/qjzx
qjzj,https://instagram.com/qjzj
qjzk,https://instagram.com/qjzk
qjqz,https://instagram.com/qjqz
qjqq,https://instagram.com/qjqq
qjqx,https://instagram.com/qjqx
qjqj,https://instagram.com/qjqj
qjqk,https://instagram.com/qjqk
qjxz,https://instagram.com/qjxz
qjxq,https://instagram.com/qjxq
qjxx,https://instagram.com/qjxx
qjxj,https://instagram.com/qjxj
qjxk,https://instagram.com/qjxk
qjjz,https://instagram.com/qjjz
qjjq,https://instagram.com/qjjq
qjjx,https://instagram.com/qjjx
qjjj,https://instagram.com/qjjj
qjjk,https://instagram.com/qjjk
qjkz,https://instagram.com/qjkz
qjkq,https://instagram.com/qjkq
qjkx,https://instagram.com/qjkx
qjkj,https://instagram.com/qjkj
qjkk,https://instagram.com/qjkk
qkzz,https://instagram.com/qkzz
qkzq,https://instagram.com/qkzq
qkzx,https://instagram.com/qkzx
qkzj,https://instagram.com/qkzj
qkzk,https://instagram.com/qkzk
qkqz,https://instagram.com/qkqz
qkqq,https://instagram.com/qkqq
qkqx,https://instagram.com/qkqx
qkqj,https://instagram.com/qkqj
qkqk,https://instagram.com/qkqk
qkxz,https://instagram.com/qkxz
qkxq,https://instagram.com/qkxq
qkxx,https://instagram.com/qkxx
qkxj,https://instagram.com/qkxj
qkxk,https://instagram.com/qkxk
qkjz,https://instagram.com/qkjz
qkjq,https://instagram.com/qkjq
qkjx,https://instagram.com/qkjx
qkjj,https://instagram.com/qkjj
qkjk,https://instagram.com/qkjk
qkkz,https://instagram.com/qkkz
qkkq,https://instagram.com/qkkq
qkkx,https://instagram.com/qkkx
qkkj,https://instagram.com/qkkj
qkkk,https://instagram.com/qkkk
xzzz,https://instagram.com/xzzz
xzzq,https://instagram.com/xzzq
xzzx,https://instagram.com/xzzx
xzzj,https://instagram.com/xzzj
xzzk,https://instagram.com/xzzk
xzqz,https://instagram.com/xzqz
xzqq,https://instagram.com/xzqq
xzqx,https://instagram.com/xzqx
xzqj,https://instagram.com/xzqj
xzqk,https://instagram.com/xzqk
xzxz,https://instagram.com/xzxz
xzxq,https://instagram.com/xzxq
xzxx,https://instagram.com/xzxx
xzxj,https://instagram.com/xzxj
xzxk,https://instagram.com/xzxk
xzjz,https://instagram.com/xzjz
xzjq,https://instagram.com/xzjq
xzjx,https://instagram.com/xzjx
xzjj,https://instagram.com/xzjj
xzjk,https://instagram.com/xzjk
xzkz,https://instagram.com/xzkz
xzkq,https://instagram.com/xzkq
xzkx,https://instagram.com/xzkx
xzkj,https://instagram.com/xzkj
xzkk,https://instagram.com/xzkk
xqzz,https://instagram.com/xqzz
xqzq,https://instagram.com/xqzq
xqzx,https://instagram.com/xqzx
xqzj,https://instagram.com/xqzj
xqzk,https://instagram.com/xqzk
xqqz,https://instagram.com/xqqz
xqqq,https://instagram.com/xqqq
xqqx,https://instagram.com/xqqx
xqqj,https://instagram.com/xqqj
xqqk,https://instagram.com/xqqk
xqxz,https://instagram.com/xqxz
xqxq,https://instagram.com/xqxq
xqxx,https://instagram.com/xqxx
xqxj,https://instagram.com/xqxj
xqxk,https://instagram.com/xqxk
xqjz,https://instagram.com/xqjz
xqjq,https://instagram.com/xqjq
xqjx,https://instagram.com/xqjx
xqjj,https://instagram.com/xqjj
xqjk,https://instagram.com/xqjk
xqkz,https://instagram.com/xqkz
xqkq,https://instagram.com/xqkq
xqkx,https://instagram.com/xqkx
xqkj,https://instagram.com/xqkj
xqkk,https://instagram.com/xqkk
xxzz,https://instagram.com/xxzz
xxzq,https://instagram.com/xxzq
xxzx,https://instagram.com/xxzx
xxzj,https://instagram.com/xxzj
xxzk,https://instagram.com/xxzk
xxqz,https://instagram.com/xxqz
xxqq,https://instagram.com/xxqq
xxqx,https://instagram.com/xxqx
xxqj,https://instagram.com/xxqj
xxqk,https://instagram.com/xxqk
xxxz,https://instagram.com/xxxz
xxxq,https://instagram.com/xxxq
xxxx,https://instagram.com/xxxx
xxxj,https://instagram.com/xxxj
xxxk,https://instagram.com/xxxk
xxjz,https://instagram.com/xxjz
xxjq,https://instagram.com/xxjq
xxjx,https://instagram.com/xxjx
xxjj,https://instagram.com/xxjj
xxjk,https://instagram.com/xxjk
xxkz,https://instagram.com/xxkz
xxkq,https://instagram.com/xxkq
xxkx,https://instagram.com/xxkx
xxkj,https://instagram.com/xxkj
xxkk,https://instagram.com/xxkk
xjzz,https://instagram.com/xjzz
xjzq,https://instagram.com/xjzq
xjzx,https://instagram.com/xjzx
xjzj,https://instagram.com/xjzj
xjzk,https://instagram.com/xjzk
xjqz,https://instagram.com/xjqz
xjqq,https://instagram.com/xjqq
xjqx,https://instagram.com/xjqx
xjqj,https://instagram.com/xjqj
xjqk,https://instagram.com/xjqk
xjxz,https://instagram.com/xjxz
xjxq,https://instagram.com/xjxq
xjxx,https://instagram.com/xjxx
xjxj,https://instagram.com/xjxj
xjxk,https://instagram.com/xjxk
xjjz,https://instagram.com/xjjz
xjjq,https://instagram.com/xjjq
xjjx,https://instagram.com/xjjx
xjjj,https://instagram.com/xjjj
xjjk,https://instagram.com/xjjk
xjkz,https://instagram.com/xjkz
xjkq,https://instagram.com/xjkq
xjkx,https://instagram.com/xjkx
xjkj,https://instagram.com/xjkj
xjkk,https://instagram.com/xjkk
xkzz,https://instagram.com/xkzz
xkzq,https://instagram.com/xkzq
xkzx,https://instagram.com/xkzx
xkzj,https://instagram.com/xkzj
xkzk,https://instagram.com/xkzk
xkqz,https://instagram.com/xkqz
xkqq,https://instagram.com/xkqq
xkqx,https://instagram.com/xkqx
xkqj,https://instagram.com/xkqj
xkqk,https://instagram.com/xkqk
xkxz,https://instagram.com/xkxz
xkxq,https://instagram.com/xkxq
xkxx,https://instagram.com/xkxx
xkxj,https://instagram.com/xkxj
xkxk,https://instagram.com/xkxk
xkjz,https://instagram.com/xkjz
xkjq,https://instagram.com/xkjq
xkjx,https://instagram.com/xkjx
xkjj,https://instagram.com/xkjj
xkjk,https://instagram.com/xkjk
xkkz,https://instagram.com/xkkz
xkkq,https://instagram.com/xkkq
xkkx,https://instagram.com/xkkx
xkkj,https://instagram.com/xkkj
xkkk,https://instagram.com/xkkk
jzzz,https://instagram.com/jzzz
jzzq,https://instagram.com/jzzq
jzzx,https://instagram.com/jzzx
jzzj,https://instagram.com/jzzj
jzzk,https://instagram.com/jzzk
jzqz,https://instagram.com/jzqz
jzqq,https://instagram.com/jzqq
jzqx,https://instagram.com/jzqx
jzqj,https://instagram.com/jzqj
jzqk,https://instagram.com/jzqk
jzxz,https://instagram.com/jzxz
jzxq,https://instagram.com/jzxq
jzxx,https://instagram.com/jzxx
jzxj,https://instagram.com/jzxj
jzxk,https://instagram.com/jzxk
jzjz,https://instagram.com/jzjz
jzjq,https://instagram.com/jzjq
jzjx,https://instagram.com/jzjx
jzjj,https://instagram.com/jzjj
jzjk,https://instagram.com/jzjk
jzkz,https://instagram.com/jzkz
jzkq,https://instagram.com/jzkq
jzkx,https://instagram.com/jzkx
jzkj,https://instagram.com/jzkj
jzkk,https://instagram.com/jzkk
jqzz,https://instagram.com/jqzz
jqzq,https://instagram.com/jqzq
jqzx,https://instagram.com/jqzx
jqzj,https://instagram.com/jqzj
jqzk,https://instagram.com/jqzk
jqqz,https://instagram.com/jqqz
jqqq,https://instagram.com/jqqq
jqqx,https://instagram.com/jqqx
jqqj,https://instagram.com/jqqj
jqqk,https://instagram.com/jqqk
jqxz,https://instagram.com/jqxz
jqxq,https://instagram.com/jqxq
jqxx,https://instagram.com/jqxx
jqxj,https://instagram.com/jqxj
jqxk,https://instagram.com/jqxk
jqjz,https://instagram.com/jqjz
jqjq,https://instagram.com/jqjq
jqjx,https://instagram.com/jqjx
jqjj,https://instagram.com/jqjj
jqjk,https://instagram.com/jqjk
jqkz,https://instagram.com/jqkz
jqkq,https://instagram.com/jqkq
jqkx,https://instagram.com/jqkx
jqkj,https://instagram.com/jqkj
jqkk,https://instagram.com/jqkk
jxzz,https://instagram.com/jxzz
jxzq,https://instagram.com/jxzq
jxzx,https://instagram.com/jxzx
jxzj,https://instagram.com/jxzj
jxzk,https://instagram.com/jxzk
jxqz,https://instagram.com/jxqz
jxqq,https://instagram.com/jxqq
jxqx,https://instagram.com/jxqx
jxqj,https://instagram.com/jxqj
jxqk,https://instagram.com/jxqk
jxxz,https://instagram.com/jxxz
jxxq,https://instagram.com/jxxq
jxxx,https://instagram.com/jxxx
jxxj,https://instagram.com/jxxj
jxxk,https://instagram.com/jxxk
jxjz,https://instagram.com/jxjz
jxjq,https://instagram.com/jxjq
jxjx,https://instagram.com/jxjx
jxjj,https://instagram.com/jxjj
jxjk,https://instagram.com/jxjk
jxkz,https://instagram.com/jxkz
jxkq,https://instagram.com/jxkq
jxkx,https://instagram.com/jxkx
jxkj,https://instagram.com/jxkj
jxkk,https://instagram.com/jxkk
jjzz,https://instagram.com/jjzz
jjzq,https://instagram.com/jjzq
jjzx,https://instagram.com/jjzx
jjzj,https://instagram.com/jjzj
jjzk,https://instagram.com/jjzk
jjqz,https://instagram.com/jjqz
jjqq,https://instagram.com/jjqq
jjqx,https://instagram.com/jjqx
jjqj,https://instagram.com/jjqj
jjqk,https://instagram.com/jjqk
jjxz,https://instagram.com/jjxz
jjxq,https://instagram.com/jjxq
jjxx,https://instagram.com/jjxx
jjxj,https://instagram.com/jjxj
jjxk,https://instagram.com/jjxk
jjjz,https://instagram.com/jjjz
jjjq,https://instagram.com/jjjq
jjjx,https://instagram.com/jjjx
jjjj,https://instagram.com/jjjj
jjjk,https://instagram.com/jjjk
jjkz,https://instagram.com/jjkz
jjkq,https://instagram.com/jjkq
jjkx,https://instagram.com/jjkx
jjkj,https://instagram.com/jjkj
jjkk,https://instagram.com/jjkk
jkzz,https://instagram.com/jkzz
jkzq,https://instagram.com/jkzq
jkzx,https://instagram.com/jkzx
jkzj,https://instagram.com/jkzj
jkzk,https://instagram.com/jkzk
jkqz,https://instagram.com/jkqz
jkqq,https://instagram.com/jkqq
jkqx,https://instagram.com/jkqx
jkqj,https://instagram.com/jkqj
jkqk,https://instagram.com/jkqk
jkxz,https://instagram.com/jkxz
jkxq,https://instagram.com/jkxq
jkxx,https://instagram.com/jkxx
jkxj,https://instagram.com/jkxj
jkxk,https://instagram.com/jkxk
jkjz,https://instagram.com/jkjz
jkjq,https://instagram.com/jkjq
jkjx,https://instagram.com/jkjx
jkjj,https://instagram.com/jkjj
jkjk,https://instagram.com/jkjk
jkkz,https://instagram.com/jkkz
jkkq,https://instagram.com/jkkq
jkkx,https://instagram.com/jkkx
jkkj,https://instagram.com/jkkj
jkkk,https://instagram.com/jkkk
kzzz,https://instagram.com/kzzz
kzzq,https://instagram.com/kzzq
kzzx,https://instagram.com/kzzx
kzzj,https://instagram.com/kzzj
kzzk,https://instagram.com/kzzk
kzqz,https://instagram.com/kzqz
kzqq,https://instagram.com/kzqq
kzqx,https://instagram.com/kzqx
kzqj,https://instagram.com/kzqj
kzqk,https://instagram.com/kzqk
kzxz,https://instagram.com/kzxz
kzxq,https://instagram.com/kzxq
kzxx,https://instagram.com/kzxx
kzxj,https://instagram.com/kzxj
kzxk,https://instagram.com/kzxk
kzjz,https://instagram.com/kzjz
kzjq,https://instagram.com/kzjq
kzjx,https://instagram.com/kzjx
kzjj,https://instagram.com/kzjj
kzjk,https://instagram.com/kzjk
kzkz,https://instagram.com/kzkz
kzkq,https://instagram.com/kzkq
kzkx,https://instagram.com/kzkx
kzkj,https://instagram.com/kzkj
kzkk,https://instagram.com/kzkk
kqzz,https://instagram.com/kqzz
kqzq,https://instagram.com/kqzq
kqzx,https://instagram.com/kqzx
kqzj,https://instagram.com/kqzj
kqzk,https://instagram.com/kqzk
kqqz,https://instagram.com/kqqz
kqqq,https://instagram.com/kqqq
kqqx,https://instagram.com/kqqx
kqqj,https://instagram.com/kqqj
kqqk,https://instagram.com/kqqk
kqxz,https://instagram.com/kqxz
kqxq,https://instagram.com/kqxq
kqxx,https://instagram.com/kqxx
kqxj,https://instagram.com/kqxj
kqxk,https://instagram.com/kqxk
kqjz,https://instagram.com/kqjz
kqjq,https://instagram.com/kqjq
kqjx,https://instagram.com/kqjx
kqjj,https://instagram.com/kqjj
kqjk,https://instagram.com/kqjk
kqkz,https://instagram.com/kqkz
kqkq,https://instagram.com/kqkq
kqkx,https://instagram.com/kqkx
kqkj,https://instagram.com/kqkj
kqkk,https://instagram.com/kqkk
kxzz,https://instagram.com/kxzz
kxzq,https://instagram.com/kxzq
kxzx,https://instagram.com/kxzx
kxzj,https://instagram.com/kxzj
kxzk,https://instagram.com/kxzk
kxqz,https://instagram.com/kxqz
kxqq,https://instagram.com/kxqq
kxqx,https://instagram.com/kxqx
kxqj,https://instagram.com/kxqj
kxqk,https://instagram.com/kxqk
kxxz,https://instagram.com/kxxz
kxxq,https://instagram.com/kxxq
kxxx,https://instagram.com/kxxx
kxxj,https://instagram.com/kxxj
kxxk,https://instagram.com/kxxk
kxjz,https://instagram.com/kxjz
kxjq,https://instagram.com/kxjq
kxjx,https://instagram.com/kxjx
kxjj,https://instagram.com/kxjj
kxjk,https://instagram.com/kxjk
kxkz,https://instagram.com/kxkz
kxkq,https://instagram.com/kxkq
kxkx,https://instagram.com/kxkx
kxkj,https://instagram.com/kxkj
kxkk,https://instagram.com/kxkk
kjzz,https://instagram.com/kjzz
kjzq,https://instagram.com/kjzq
kjzx,https://instagram.com/kjzx
kjzj,https://instagram.com/kjzj
kjzk,https://instagram.com/kjzk
kjqz,https://instagram.com/kjqz
kjqq,https://instagram.com/kjqq
kjqx,https://instagram.com/kjqx
kjqj,https://instagram.com/kjqj
kjqk,https://instagram.com/kjqk
kjxz,https://instagram.com/kjxz
kjxq,https://instagram.com/kjxq
kjxx,https://instagram.com/kjxx
kjxj,https://instagram.com/kjxj
kjxk,https://instagram.com/kjxk
kjjz,https://instagram.com/kjjz
kjjq,https://instagram.com/kjjq
kjjx,https://instagram.com/kjjx
kjjj,https://instagram.com/kjjj
kjjk,https://instagram.com/kjjk
kjkz,https://instagram.com/kjkz
kjkq,https://instagram.com/kjkq
kjkx,https://instagram.com/kjkx
kjkj,https://instagram.com/kjkj
kjkk,https://instagram.com/kjkk
kkzz,https://instagram.com/kkzz
kkzq,https://instagram.com/kkzq
kkzx,https://instagram.com/kkzx
kkzj,https://instagram.com/kkzj
kkzk,https://instagram.com/kkzk
kkqz,https://instagram.com/kkqz
kkqq,https://instagram.com/kkqq
kkqx,https://instagram.com/kkqx
kkqj,https://instagram.com/kkqj
kkqk,https://instagram.com/kkqk
kkxz,https://instagram.com/kkxz
kkxq,https://instagram.com/kkxq
kkxx,https://instagram.com/kkxx
kkxj,https://instagram.com/kkxj
kkxk,https://instagram.com/kkxk
kkjz,https://instagram.com/kkjz
kkjq,https://instagram.com/kkjq
kkjx,https://instagram.com/kkjx
kkjj,https://instagram.com/kkjj
kkjk,https://instagram.com/kkjk
kkkz,https://instagram.com/kkkz
kkkq,https://instagram.com/kkkq
kkkx,https://instagram.com/kkkx
kkkj,https://instagram.com/kkkj
kkkk,https://instagram.com/kkkk
